Workbook

Sheet Январь1
A1: Должность | B1: Отклад | D1: ФИО | E1: Должность | F1: Оклад | G1: Премия | H1: Итоговая зарплата
A2: Директор | B2: 100000 | D2: Волков Роман Геннадьевич | E2: {=INDEX($A$2:$A$6, RANDBETWEEN(1, 5))} -> Уборщик | F2: =[1]Январь1!F2 + RANDBETWEEN(-5000, 5000) -> 6302 | G2: =RANDBETWEEN(5000, 20000) -> 9477 | H2: =F2+G2 -> 15779
A3: Менджер | B3: 60000 | D3: Егорова Анастасия Борисовna | E3: {=INDEX($A$2:$A$6, RANDBETWEEN(1, 5))} -> Директор | F3: =[1]Январь1!F3 + RANDBETWEEN(-5000, 5000) -> 2527 | G3: =RANDBETWEEN(5000, 20000) -> 19498 | H3: =F3+G3 -> 22025
A4: Бариста | B4: 45000 | D4: Павлов Илья Анатольевич | E4: {=INDEX($A$2:$A$6, RANDBETWEEN(1, 5))} -> Уборщик | F4: =[1]Январь1!F4 + RANDBETWEEN(-5000, 5000) -> -59 | G4: =RANDBETWEEN(5000, 20000) -> 10411 | H4: =F4+G4 -> 10352
A5: Кассир | B5: 40000 | D5: Козлова Виктория Валериевна | E5: {=INDEX($A$2:$A$6, RANDBETWEEN(1, 5))} -> Кассир | F5: =[1]Январь1!F2 + RANDBETWEEN(-5000, 5000) -> 750 | G5: =RANDBETWEEN(5000, 20000) -> 17862 | H5: =F5+G5 -> 18612
A6: Уборщик | B6: 30000 | D6: Семёнов Денис Константинович | E6: {=INDEX($A$2:$A$6, RANDBETWEEN(1, 5))} -> Кассир | F6: =[1]Январь1!F6 + RANDBETWEEN(-5000, 5000) -> 4864 | G6: =RANDBETWEEN(5000, 20000) -> 15026 | H6: =F6+G6 -> 19890
D7: Голубева Кристина Эдуардовна | E7: {=INDEX($A$2:$A$6, RANDBETWEEN(1, 5))} -> Менджер | F7: =[1]Январь1!F7 + RANDBETWEEN(-5000, 5000) -> 60827 | G7: =RANDBETWEEN(5000, 20000) -> 15594 | H7: =F7+G7 -> 76421
D8: Виноградов Артем Кириллович | E8: {=INDEX($A$2:$A$6, RANDBETWEEN(1, 5))} -> Бариста | F8: =[1]Январь1!F8 + RANDBETWEEN(-5000, 5000) -> 43498 | G8: =RANDBETWEEN(5000, 20000) -> 13652 | H8: =F8+G8 -> 57150
D9: Богданова Светлана Михайловна | E9: {=INDEX($A$2:$A$6, RANDBETWEEN(1, 5))} -> Уборщик | F9: =[1]Январь1!F9 + RANDBETWEEN(-5000, 5000) -> 51697 | G9: =RANDBETWEEN(5000, 20000) -> 16128 | H9: =F9+G9 -> 67825
D10: Воробьев Никита Станиславович | E10: {=INDEX($A$2:$A$6, RANDBETWEEN(1, 5))} -> Кассир | F10: =[1]Январь1!F10 + RANDBETWEEN(-5000, 5000) -> 40197 | G10: =RANDBETWEEN(5000, 20000) -> 17748 | H10: =F10+G10 -> 57945
D11: Федорова Алина Руслановна | E11: {=INDEX($A$2:$A$6, RANDBETWEEN(1, 5))} -> Бариста | F11: =[1]Январь1!F11 + RANDBETWEEN(-5000, 5000) -> 43384 | G11: =RANDBETWEEN(5000, 20000) -> 16820 | H11: =F11+G11 -> 60204
D12: Макаров Вадим Леонидович | E12: {=INDEX($A$2:$A$6, RANDBETWEEN(1, 5))} -> Менджер | F12: =[1]Январь1!F12 + RANDBETWEEN(-5000, 5000) -> 32215 | G12: =RANDBETWEEN(5000, 20000) -> 13823 | H12: =F12+G12 -> 46038
D13: Архипова Полина Георгиевна | E13: {=INDEX($A$2:$A$6, RANDBETWEEN(1, 5))} -> Бариста | F13: =[1]Январь1!F13 + RANDBETWEEN(-5000, 5000) -> 30193 | G13: =RANDBETWEEN(5000, 20000) -> 7695 | H13: =F13+G13 -> 37888
D14: Ильин Борис Тимофеевич | E14: {=INDEX($A$2:$A$6, RANDBETWEEN(1, 5))} -> Уборщик | F14: =[1]Январь1!F14 + RANDBETWEEN(-5000, 5000) -> 96344 | G14: =RANDBETWEEN(5000, 20000) -> 8668 | H14: =F14+G14 -> 105012
D15: Киселева Вероника Витальевна | E15: {=INDEX($A$2:$A$6, RANDBETWEEN(1, 5))} -> Кассир | F15: =[1]Январь1!F15 + RANDBETWEEN(-5000, 5000) -> 36519 | G15: =RANDBETWEEN(5000, 20000) -> 19690 | H15: =F15+G15 -> 56209
D16: Захаров Даниил Артурович | E16: {=INDEX($A$2:$A$6, RANDBETWEEN(1, 5))} -> Уборщик | F16: =[1]Январь1!F16 + RANDBETWEEN(-5000, 5000) -> 46050 | G16: =RANDBETWEEN(5000, 20000) -> 7620 | H16: =F16+G16 -> 53670
D17: Новикова Дарья Филипповна | E17: {=INDEX($A$2:$A$6, RANDBETWEEN(1, 5))} -> Менджер | F17: =[1]Январь1!F17 + RANDBETWEEN(-5000, 5000) -> 60236 | G17: =RANDBETWEEN(5000, 20000) -> 16824 | H17: =F17+G17 -> 77060
D18: Соловьев Евгений Романович | E18: {=INDEX($A$2:$A$6, RANDBETWEEN(1, 5))} -> Директор | F18: =[1]Январь1!F18 + RANDBETWEEN(-5000, 5000) -> 97424 | G18: =RANDBETWEEN(5000, 20000) -> 18988 | H18: =F18+G18 -> 116412
... D31: Иванов Иван Иванович | E31: {=INDEX($A$2:$A$6, RANDBETWEEN(1, 5))} -> Бариста | F31: =[1]Январь1!F31 + RANDBETWEEN(-5000, 5000) -> 51709 | G31: =RANDBETWEEN(5000, 20000) -> 9004 | H31: =F31+G31 -> 60713

Sheet Февраль
A1: Должность | B1: Отклад | D1: ФИО | E1: Должность | F1: Оклад | G1: Премия | H1: Итоговая зарплата
A2: Директор | B2: 100000 | D2: Волков Роман Геннадьевич | E2: {=INDEX($A$2:$A$6, RANDBETWEEN(1, 5))} -> Кассир | F2: =[1]Январь1!F2 + RANDBETWEEN(-5000, 5000) -> 7557 | G2: =RANDBETWEEN(30000, 40000) -> 35111 | H2: =F2+G2 -> 42668
A3: Менджер | B3: 60000 | D3: Егорова Анастасия Борисовna | E3: {=INDEX($A$2:$A$6, RANDBETWEEN(1, 5))} -> Кассир | F3: =[1]Январь1!F3 + RANDBETWEEN(-5000, 5000) -> -577 | G3: =RANDBETWEEN(30000, 40000) -> 37918 | H3: =F3+G3 -> 37341
A4: Бариста | B4: 45000 | D4: Павлов Илья Анатольевич | E4: {=INDEX($A$2:$A$6, RANDBETWEEN(1, 5))} -> Директор | F4: =[1]Январь1!F4 + RANDBETWEEN(-5000, 5000) -> -8663 | G4: =RANDBETWEEN(30000, 40000) -> 32572 | H4: =F4+G4 -> 23909
A5: Кассир | B5: 40000 | D5: Козлова Виктория Валериевна | E5: {=INDEX($A$2:$A$6, RANDBETWEEN(1, 5))} -> Кассир | F5: =[1]Январь1!F5 + RANDBETWEEN(-5000, 5000) -> 6032 | G5: =RANDBETWEEN(30000, 40000) -> 39540 | H5: =F5+G5 -> 45572
A6: Уборщик | B6: 30000 | D6: Семёнов Денис Константинович | E6: {=INDEX($A$2:$A$6, RANDBETWEEN(1, 5))} -> Директор | F6: =[1]Январь1!F6 + RANDBETWEEN(-5000, 5000) -> 1375 | G6: =RANDBETWEEN(30000, 40000) -> 39169 | H6: =F6+G6 -> 40544
D7: Голубева Кристина Эдуардовна | E7: {=INDEX($A$2:$A$6, RANDBETWEEN(1, 5))} -> Менджер | F7: =[1]Январь1!F7 + RANDBETWEEN(-5000, 5000) -> 56546 | G7: =RANDBETWEEN(30000, 40000) -> 32159 | H7: =F7+G7 -> 88705
D8: Виноградов Артем Кириллович | E8: {=INDEX($A$2:$A$6, RANDBETWEEN(1, 5))} -> Кассир | F8: =[1]Январь1!F8 + RANDBETWEEN(-5000, 5000) -> 48489 | G8: =RANDBETWEEN(30000, 40000) -> 34283 | H8: =F8+G8 -> 82772
D9: Богданова Светлана Михайловна | E9: {=INDEX($A$2:$A$6, RANDBETWEEN(1, 5))} -> Директор | F9: =[1]Январь1!F9 + RANDBETWEEN(-5000, 5000) -> 46055 | G9: =RANDBETWEEN(30000, 40000) -> 36991 | H9: =F9+G9 -> 83046
D10: Воробьев Никита Станиславович | E10: {=INDEX($A$2:$A$6, RANDBETWEEN(1, 5))} -> Уборщик | F10: =[1]Январь1!F10 + RANDBETWEEN(-5000, 5000) -> 45613 | G10: =RANDBETWEEN(30000, 40000) -> 38965 | H10: =F10+G10 -> 84578
D11: Федорова Алина Руслановна | E11: {=INDEX($A$2:$A$6, RANDBETWEEN(1, 5))} -> Директор | F11: =[1]Январь1!F11 + RANDBETWEEN(-5000, 5000) -> 45704 | G11: =RANDBETWEEN(30000, 40000) -> 33449 | H11: =F11+G11 -> 79153
D12: Макаров Вадим Леонидович | E12: {=INDEX($A$2:$A$6, RANDBETWEEN(1, 5))} -> Директор | F12: =[1]Январь1!F12 + RANDBETWEEN(-5000, 5000) -> 33644 | G12: =RANDBETWEEN(30000, 40000) -> 35231 | H12: =F12+G12 -> 68875
D13: Архипова Полина Георгиевна | E13: {=INDEX($A$2:$A$6, RANDBETWEEN(1, 5))} -> Уборщик | F13: =[1]Январь1!F13 + RANDBETWEEN(-5000, 5000) -> 27564 | G13: =RANDBETWEEN(30000, 40000) -> 30393 | H13: =F13+G13 -> 57957
D14: Ильин Борис Тимофеевич | E14: {=INDEX($A$2:$A$6, RANDBETWEEN(1, 5))} -> Директор | F14: =[1]Январь1!F14 + RANDBETWEEN(-5000, 5000) -> 101896 | G14: =RANDBETWEEN(30000, 40000) -> 32952 | H14: =F14+G14 -> 134848
D15: Киселева Вероника Витальевна | E15: {=INDEX($A$2:$A$6, RANDBETWEEN(1, 5))} -> Директор | F15: =[1]Январь1!F15 + RANDBETWEEN(-5000, 5000) -> 39535 | G15: =RANDBETWEEN(30000, 40000) -> 38485 | H15: =F15+G15 -> 78020
D16: Захаров Даниил Артурович | E16: {=INDEX($A$2:$A$6, RANDBETWEEN(1, 5))} -> Менджер | F16: =[1]Январь1!F16 + RANDBETWEEN(-5000, 5000) -> 47349 | G16: =RANDBETWEEN(30000, 40000) -> 36692 | H16: =F16+G16 -> 84041
D17: Новикова Дарья Филипповна | E17: {=INDEX($A$2:$A$6, RANDBETWEEN(1, 5))} -> Менджер | F17: =[1]Январь1!F17 + RANDBETWEEN(-5000, 5000) -> 57352 | G17: =RANDBETWEEN(30000, 40000) -> 30562 | H17: =F17+G17 -> 87914
D18: Соловьев Евгений Романович | E18: {=INDEX($A$2:$A$6, RANDBETWEEN(1, 5))} -> Менджер | F18: =[1]Январь1!F18 + RANDBETWEEN(-5000, 5000) -> 94356 | G18: =RANDBETWEEN(30000, 40000) -> 37567 | H18: =F18+G18 -> 131923
... D31: Иванов Иван Иванович | E31: {=INDEX($A$2:$A$6, RANDBETWEEN(1, 5))} -> Менджер | F31: =[1]Январь1!F31 + RANDBETWEEN(-5000, 5000) -> 48260 | G31: =RANDBETWEEN(30000, 40000) -> 36335 | H31: =F31+G31 -> 84595

Sheet Март
A1: Должность | B1: Отклад | D1: ФИО | E1: Должность | F1: Оклад | G1: Премия | H1: Итоговая зарплата
A2: Директор | B2: 100000 | D2: Волков Роман Геннадьевич | E2: {=INDEX($A$2:$A$6, RANDBETWEEN(1, 5))} -> Уборщик | F2: =[1]Январь1!F2 + RANDBETWEEN(-5000, 5000) -> 7120 | G2: =RANDBETWEEN(10000, 30000) -> 18295 | H2: =F2+G2 -> 25415
A3: Менджер | B3: 60000 | D3: Егорова Анастасия Борисовna | E3: {=INDEX($A$2:$A$6, RANDBETWEEN(1, 5))} -> Менджер | F3: =[1]Январь1!F3 + RANDBETWEEN(-5000, 5000) -> -1021 | G3: =RANDBETWEEN(10000, 30000) -> 10111 | H3: =F3+G3 -> 9090
A4: Бариста | B4: 45000 | D4: Павлов Илья Анатольевич | E4: {=INDEX($A$2:$A$6, RANDBETWEEN(1, 5))} -> Менджер | F4: =[1]Январь1!F4 + RANDBETWEEN(-5000, 5000) -> -7319 | G4: =RANDBETWEEN(10000, 30000) -> 20692 | H4: =F4+G4 -> 13373
A5: Кассир | B5: 40000 | D5: Козлова Виктория Валериевна | E5: {=INDEX($A$2:$A$6, RANDBETWEEN(1, 5))} -> Кассир | F5: =[1]Январь1!F5 + RANDBETWEEN(-5000, 5000) -> 10749 | G5: =RANDBETWEEN(10000, 30000) -> 24707 | H5: =F5+G5 -> 35456
A6: Уборщик | B6: 30000 | D6: Семёнов Денис Константинович | E6: {=INDEX($A$2:$A$6, RANDBETWEEN(1, 5))} -> Менджер | F6: =[1]Январь1!F6 + RANDBETWEEN(-5000, 5000) -> -4224 | G6: =RANDBETWEEN(10000, 30000) -> 20843 | H6: =F6+G6 -> 16619
D7: Голубева Кристина Эдуардовна | E7: {=INDEX($A$2:$A$6, RANDBETWEEN(1, 5))} -> Директор | F7: =[1]Январь1!F7 + RANDBETWEEN(-5000, 5000) -> 54823 | G7: =RANDBETWEEN(10000, 30000) -> 11523 | H7: =F7+G7 -> 66346
D8: Виноградов Артем Кириллович | E8: {=INDEX($A$2:$A$6, RANDBETWEEN(1, 5))} -> Кассир | F8: =[1]Январь1!F8 + RANDBETWEEN(-5000, 5000) -> 48850 | G8: =RANDBETWEEN(10000, 30000) -> 26046 | H8: =F8+G8 -> 74896
D9: Богданова Светлана Михайловна | E9: {=INDEX($A$2:$A$6, RANDBETWEEN(1, 5))} -> Менджер | F9: =[1]Январь1!F9 + RANDBETWEEN(-5000, 5000) -> 45635 | G9: =RANDBETWEEN(10000, 30000) -> 29973 | H9: =F9+G9 -> 75608
D10: Воробьев Никита Станиславович | E10: {=INDEX($A$2:$A$6, RANDBETWEEN(1, 5))} -> Менджер | F10: =[1]Январь1!F10 + RANDBETWEEN(-5000, 5000) -> 47267 | G10: =RANDBETWEEN(10000, 30000) -> 12066 | H10: =F10+G10 -> 59333
D11: Федорова Алина Руслановна | E11: {=INDEX($A$2:$A$6, RANDBETWEEN(1, 5))} -> Менджер | F11: =[1]Январь1!F11 + RANDBETWEEN(-5000, 5000) -> 51487 | G11: =RANDBETWEEN(10000, 30000) -> 24093 | H11: =F11+G11 -> 75580
D12: Макаров Вадим Леонидович | E12: {=INDEX($A$2:$A$6, RANDBETWEEN(1, 5))} -> Директор | F12: =[1]Январь1!F12 + RANDBETWEEN(-5000, 5000) -> 33428 | G12: =RANDBETWEEN(10000, 30000) -> 20704 | H12: =F12+G12 -> 54132
D13: Архипова Полина Георгиевна | E13: {=INDEX($A$2:$A$6, RANDBETWEEN(1, 5))} -> Уборщик | F13: =[1]Январь1!F13 + RANDBETWEEN(-5000, 5000) -> 29109 | G13: =RANDBETWEEN(10000, 30000) -> 16206 | H13: =F13+G13 -> 45315
D14: Ильин Борис Тимофеевич | E14: {=INDEX($A$2:$A$6, RANDBETWEEN(1, 5))} -> Уборщик | F14: =[1]Январь1!F14 + RANDBETWEEN(-5000, 5000) -> 94549 | G14: =RANDBETWEEN(10000, 30000) -> 25549 | H14: =F14+G14 -> 120098
D15: Киселева Вероника Витальевна | E15: {=INDEX($A$2:$A$6, RANDBETWEEN(1, 5))} -> Кассир | F15: =[1]Январь1!F15 + RANDBETWEEN(-5000, 5000) -> 38734 | G15: =RANDBETWEEN(10000, 30000) -> 11684 | H15: =F15+G15 -> 50418
D16: Захаров Даниил Артурович | E16: {=INDEX($A$2:$A$6, RANDBETWEEN(1, 5))} -> Уборщик | F16: =[1]Январь1!F16 + RANDBETWEEN(-5000, 5000) -> 47693 | G16: =RANDBETWEEN(10000, 30000) -> 11421 | H16: =F16+G16 -> 59114
D17: Новикова Дарья Филипповна | E17: {=INDEX($A$2:$A$6, RANDBETWEEN(1, 5))} -> Кассир | F17: =[1]Январь1!F17 + RANDBETWEEN(-5000, 5000) -> 60343 | G17: =RANDBETWEEN(10000, 30000) -> 25474 | H17: =F17+G17 -> 85817
D18: Соловьев Евгений Романович | E18: {=INDEX($A$2:$A$6, RANDBETWEEN(1, 5))} -> Директор | F18: =[1]Январь1!F18 + RANDBETWEEN(-5000, 5000) -> 96215 | G18: =RANDBETWEEN(10000, 30000) -> 20491 | H18: =F18+G18 -> 116706
... D31: Иванов Иван Иванович | E31: {=INDEX($A$2:$A$6, RANDBETWEEN(1, 5))} -> Уборщик | F31: =[1]Январь1!F31 + RANDBETWEEN(-5000, 5000) -> 51387 | G31: =RANDBETWEEN(10000, 30000) -> 13223 | H31: =F31+G31 -> 64610

Sheet Апрель
A1: Должность | B1: Отклад | D1: ФИО | E1: Должность | F1: Оклад | G1: Премия | H1: Итоговая зарплата
A2: Директор | B2: 100000 | D2: Волков Роман Геннадьевич | E2: {=INDEX($A$2:$A$6, RANDBETWEEN(1, 5))} -> Кассир | F2: =[1]Январь1!F2 + RANDBETWEEN(-5000, 5000) -> 70 | G2: =RANDBETWEEN(10000, 15000) -> 12157 | H2: =F2+G2 -> 12227
A3: Менджер | B3: 60000 | D3: Егорова Анастасия Борисовna | E3: {=INDEX($A$2:$A$6, RANDBETWEEN(1, 5))} -> Директор | F3: =[1]Январь1!F3 + RANDBETWEEN(-5000, 5000) -> 1781 | G3: =RANDBETWEEN(10000, 15000) -> 11153 | H3: =F3+G3 -> 12934
A4: Бариста | B4: 45000 | D4: Павлов Илья Анатольевич | E4: {=INDEX($A$2:$A$6, RANDBETWEEN(1, 5))} -> Менджер | F4: =[1]Январь1!F4 + RANDBETWEEN(-5000, 5000) -> -2088 | G4: =RANDBETWEEN(10000, 15000) -> 13248 | H4: =F4+G4 -> 11160
A5: Кассир | B5: 40000 | D5: Козлова Виктория Валериевна | E5: {=INDEX($A$2:$A$6, RANDBETWEEN(1, 5))} -> Уборщик | F5: =[1]Январь1!F5 + RANDBETWEEN(-5000, 5000) -> 7826 | G5: =RANDBETWEEN(10000, 15000) -> 11668 | H5: =F5+G5 -> 19494
A6: Уборщик | B6: 30000 | D6: Семёнов Денис Константинович | E6: {=INDEX($A$2:$A$6, RANDBETWEEN(1, 5))} -> Уборщик | F6: =[1]Январь1!F6 + RANDBETWEEN(-5000, 5000) -> -2801 | G6: =RANDBETWEEN(10000, 15000) -> 12605 | H6: =F6+G6 -> 9804
D7: Голубева Кристина Эдуардовна | E7: {=INDEX($A$2:$A$6, RANDBETWEEN(1, 5))} -> Менджер | F7: =[1]Январь1!F7 + RANDBETWEEN(-5000, 5000) -> 55827 | G7: =RANDBETWEEN(10000, 15000) -> 12385 | H7: =F7+G7 -> 68212
D8: Виноградов Артем Кириллович | E8: {=INDEX($A$2:$A$6, RANDBETWEEN(1, 5))} -> Менджер | F8: =[1]Январь1!F8 + RANDBETWEEN(-5000, 5000) -> 47615 | G8: =RANDBETWEEN(10000, 15000) -> 10976 | H8: =F8+G8 -> 58591
D9: Богданова Светлана Михайловна | E9: {=INDEX($A$2:$A$6, RANDBETWEEN(1, 5))} -> Менджер | F9: =[1]Январь1!F9 + RANDBETWEEN(-5000, 5000) -> 46151 | G9: =RANDBETWEEN(10000, 15000) -> 11234 | H9: =F9+G9 -> 57385
D10: Воробьев Никита Станиславович | E10: {=INDEX($A$2:$A$6, RANDBETWEEN(1, 5))} -> Бариста | F10: =[1]Январь1!F10 + RANDBETWEEN(-5000, 5000) -> 44323 | G10: =RANDBETWEEN(10000, 15000) -> 13527 | H10: =F10+G10 -> 57850
D11: Федорова Алина Руслановна | E11: {=INDEX($A$2:$A$6, RANDBETWEEN(1, 5))} -> Директор | F11: =[1]Январь1!F11 + RANDBETWEEN(-5000, 5000) -> 44128 | G11: =RANDBETWEEN(10000, 15000) -> 13962 | H11: =F11+G11 -> 58090
D12: Макаров Вадим Леонидович | E12: {=INDEX($A$2:$A$6, RANDBETWEEN(1, 5))} -> Директор | F12: =[1]Январь1!F12 + RANDBETWEEN(-5000, 5000) -> 30156 | G12: =RANDBETWEEN(10000, 15000) -> 12678 | H12: =F12+G12 -> 42834
D13: Архипова Полина Георгиевна | E13: {=INDEX($A$2:$A$6, RANDBETWEEN(1, 5))} -> Менджер | F13: =[1]Январь1!F13 + RANDBETWEEN(-5000, 5000) -> 25749 | G13: =RANDBETWEEN(10000, 15000) -> 14201 | H13: =F13+G13 -> 39950
D14: Ильин Борис Тимофеевич | E14: {=INDEX($A$2:$A$6, RANDBETWEEN(1, 5))} -> Кассир | F14: =[1]Январь1!F14 + RANDBETWEEN(-5000, 5000) -> 102090 | G14: =RANDBETWEEN(10000, 15000) -> 12521 | H14: =F14+G14 -> 114611
D15: Киселева Вероника Витальевна | E15: {=INDEX($A$2:$A$6, RANDBETWEEN(1, 5))} -> Кассир | F15: =[1]Январь1!F15 + RANDBETWEEN(-5000, 5000) -> 45064 | G15: =RANDBETWEEN(10000, 15000) -> 12210 | H15: =F15+G15 -> 57274
D16: Захаров Даниил Артурович | E16: {=INDEX($A$2:$A$6, RANDBETWEEN(1, 5))} -> Директор | F16: =[1]Январь1!F16 + RANDBETWEEN(-5000, 5000) -> 40914 | G16: =RANDBETWEEN(10000, 15000) -> 10514 | H16: =F16+G16 -> 51428
D17: Новикова Дарья Филипповна | E17: {=INDEX($A$2:$A$6, RANDBETWEEN(1, 5))} -> Директор | F17: =[1]Январь1!F17 + RANDBETWEEN(-5000, 5000) -> 58348 | G17: =RANDBETWEEN(10000, 15000) -> 11561 | H17: =F17+G17 -> 69909
D18: Соловьев Евгений Романович | E18: {=INDEX($A$2:$A$6, RANDBETWEEN(1, 5))} -> Уборщик | F18: =[1]Январь1!F18 + RANDBETWEEN(-5000, 5000) -> 96448 | G18: =RANDBETWEEN(10000, 15000) -> 10065 | H18: =F18+G18 -> 106513
... D31: Иванов Иван Иванович | E31: {=INDEX($A$2:$A$6, RANDBETWEEN(1, 5))} -> Бариста | F31: =[1]Январь1!F31 + RANDBETWEEN(-5000, 5000) -> 51634 | G31: =RANDBETWEEN(10000, 15000) -> 12883 | H31: =F31+G31 -> 64517

Sheet Май
A1: Должность | B1: Отклад | D1: ФИО | E1: Должность | F1: Оклад | G1: Премия | H1: Итоговая зарплата
A2: Директор | B2: 100000 | D2: Волков Роман Геннадьевич | E2: {=INDEX($A$2:$A$6, RANDBETWEEN(1, 5))} -> Уборщик | F2: =[1]Январь1!F2 + RANDBETWEEN(-5000, 5000) -> 8364 | G2: =RANDBETWEEN(6000, 10000) -> 6337 | H2: =F2+G2 -> 14701
A3: Менджер | B3: 60000 | D3: Егорова Анастасия Борисовna | E3: {=INDEX($A$2:$A$6, RANDBETWEEN(1, 5))} -> Бариста | F3: =[1]Январь1!F3 + RANDBETWEEN(-5000, 5000) -> -92 | G3: =RANDBETWEEN(6000, 10000) -> 9816 | H3: =F3+G3 -> 9724
A4: Бариста | B4: 45000 | D4: Павлов Илья Анатольевич | E4: {=INDEX($A$2:$A$6, RANDBETWEEN(1, 5))} -> Менджер | F4: =[1]Январь1!F4 + RANDBETWEEN(-5000, 5000) -> -4586 | G4: =RANDBETWEEN(6000, 10000) -> 6348 | H4: =F4+G4 -> 1762
A5: Кассир | B5: 40000 | D5: Козлова Виктория Валериевна | E5: {=INDEX($A$2:$A$6, RANDBETWEEN(1, 5))} -> Уборщик | F5: =[1]Январь1!F5 + RANDBETWEEN(-5000, 5000) -> 11956 | G5: =RANDBETWEEN(6000, 10000) -> 6355 | H5: =F5+G5 -> 18311
A6: Уборщик | B6: 30000 | D6: Семёнов Денис Константинович | E6: {=INDEX($A$2:$A$6, RANDBETWEEN(1, 5))} -> Бариста | F6: =[1]Январь1!F6 + RANDBETWEEN(-5000, 5000) -> -825 | G6: =RANDBETWEEN(6000, 10000) -> 9929 | H6: =F6+G6 -> 9104
D7: Голубева Кристина Эдуардовна | E7: {=INDEX($A$2:$A$6, RANDBETWEEN(1, 5))} -> Бариста | F7: =[1]Январь1!F7 + RANDBETWEEN(-5000, 5000) -> 57438 | G7: =RANDBETWEEN(6000, 10000) -> 7748 | H7: =F7+G7 -> 65186
D8: Виноградов Артем Кириллович | E8: {=INDEX($A$2:$A$6, RANDBETWEEN(1, 5))} -> Менджер | F8: =[1]Январь1!F8 + RANDBETWEEN(-5000, 5000) -> 50862 | G8: =RANDBETWEEN(6000, 10000) -> 8969 | H8: =F8+G8 -> 59831
D9: Богданова Светлана Михайловна | E9: {=INDEX($A$2:$A$6, RANDBETWEEN(1, 5))} -> Бариста | F9: =[1]Январь1!F9 + RANDBETWEEN(-5000, 5000) -> 52304 | G9: =RANDBETWEEN(6000, 10000) -> 9564 | H9: =F9+G9 -> 61868
D10: Воробьев Никита Станиславович | E10: {=INDEX($A$2:$A$6, RANDBETWEEN(1, 5))} -> Бариста | F10: =[1]Январь1!F10 + RANDBETWEEN(-5000, 5000) -> 42211 | G10: =RANDBETWEEN(6000, 10000) -> 9121 | H10: =F10+G10 -> 51332
D11: Федорова Алина Руслановна | E11: {=INDEX($A$2:$A$6, RANDBETWEEN(1, 5))} -> Директор | F11: =[1]Январь1!F11 + RANDBETWEEN(-5000, 5000) -> 47293 | G11: =RANDBETWEEN(6000, 10000) -> 6635 | H11: =F11+G11 -> 53928
D12: Макаров Вадим Леонидович | E12: {=INDEX($A$2:$A$6, RANDBETWEEN(1, 5))} -> Кассир | F12: =[1]Январь1!F12 + RANDBETWEEN(-5000, 5000) -> 25572 | G12: =RANDBETWEEN(6000, 10000) -> 9453 | H12: =F12+G12 -> 35025
D13: Архипова Полина Георгиевна | E13: {=INDEX($A$2:$A$6, RANDBETWEEN(1, 5))} -> Бариста | F13: =[1]Январь1!F13 + RANDBETWEEN(-5000, 5000) -> 26208 | G13: =RANDBETWEEN(6000, 10000) -> 9168 | H13: =F13+G13 -> 35376
D14: Ильин Борис Тимофеевич | E14: {=INDEX($A$2:$A$6, RANDBETWEEN(1, 5))} -> Директор | F14: =[1]Январь1!F14 + RANDBETWEEN(-5000, 5000) -> 97742 | G14: =RANDBETWEEN(6000, 10000) -> 9903 | H14: =F14+G14 -> 107645
D15: Киселева Вероника Витальевна | E15: {=INDEX($A$2:$A$6, RANDBETWEEN(1, 5))} -> Директор | F15: =[1]Январь1!F15 + RANDBETWEEN(-5000, 5000) -> 38722 | G15: =RANDBETWEEN(6000, 10000) -> 7265 | H15: =F15+G15 -> 45987
D16: Захаров Даниил Артурович | E16: {=INDEX($A$2:$A$6, RANDBETWEEN(1, 5))} -> Кассир | F16: =[1]Январь1!F16 + RANDBETWEEN(-5000, 5000) -> 47110 | G16: =RANDBETWEEN(6000, 10000) -> 7726 | H16: =F16+G16 -> 54836
D17: Новикова Дарья Филипповна | E17: {=INDEX($A$2:$A$6, RANDBETWEEN(1, 5))} -> Уборщик | F17: =[1]Январь1!F17 + RANDBETWEEN(-5000, 5000) -> 54103 | G17: =RANDBETWEEN(6000, 10000) -> 9128 | H17: =F17+G17 -> 63231
D18: Соловьев Евгений Романович | E18: {=INDEX($A$2:$A$6, RANDBETWEEN(1, 5))} -> Уборщик | F18: =[1]Январь1!F18 + RANDBETWEEN(-5000, 5000) -> 100815 | G18: =RANDBETWEEN(6000, 10000) -> 8727 | H18: =F18+G18 -> 109542
... D31: Иванов Иван Иванович | E31: {=INDEX($A$2:$A$6, RANDBETWEEN(1, 5))} -> Кассир | F31: =[1]Январь1!F31 + RANDBETWEEN(-5000, 5000) -> 48725 | G31: =RANDBETWEEN(6000, 10000) -> 7716 | H31: =F31+G31 -> 56441

Sheet Июнь
A1: Должность | B1: Отклад | D1: ФИО | E1: Должность | F1: Оклад | G1: Премия | H1: Итоговая зарплата
A2: Директор | B2: 100000 | D2: Волков Роман Геннадьевич | E2: {=INDEX($A$2:$A$6, RANDBETWEEN(1, 5))} -> Директор | F2: =[1]Январь1!F2 + RANDBETWEEN(-5000, 5000) -> 1607 | G2: =RANDBETWEEN(7000, 10000) -> 7707 | H2: =F2+G2 -> 9314
A3: Менджер | B3: 60000 | D3: Егорова Анастасия Борисовna | E3: {=INDEX($A$2:$A$6, RANDBETWEEN(1, 5))} -> Уборщик | F3: =[1]Январь1!F3 + RANDBETWEEN(-5000, 5000) -> 1739 | G3: =RANDBETWEEN(7000, 10000) -> 7286 | H3: =F3+G3 -> 9025
A4: Бариста | B4: 45000 | D4: Павлов Илья Анатольевич | E4: {=INDEX($A$2:$A$6, RANDBETWEEN(1, 5))} -> Кассир | F4: =[1]Январь1!F4 + RANDBETWEEN(-5000, 5000) -> -8130 | G4: =RANDBETWEEN(7000, 10000) -> 9547 | H4: =F4+G4 -> 1417
A5: Кассир | B5: 40000 | D5: Козлова Виктория Валериевна | E5: {=INDEX($A$2:$A$6, RANDBETWEEN(1, 5))} -> Бариста | F5: =[1]Январь1!F5 + RANDBETWEEN(-5000, 5000) -> 5864 | G5: =RANDBETWEEN(7000, 10000) -> 9711 | H5: =F5+G5 -> 15575
A6: Уборщик | B6: 30000 | D6: Семёнов Денис Константинович | E6: {=INDEX($A$2:$A$6, RANDBETWEEN(1, 5))} -> Уборщик | F6: =[1]Январь1!F6 + RANDBETWEEN(-5000, 5000) -> 1523 | G6: =RANDBETWEEN(7000, 10000) -> 7781 | H6: =F6+G6 -> 9304
D7: Голубева Кристина Эдуардовна | E7: {=INDEX($A$2:$A$6, RANDBETWEEN(1, 5))} -> Кассир | F7: =[1]Январь1!F7 + RANDBETWEEN(-5000, 5000) -> 64264 | G7: =RANDBETWEEN(7000, 10000) -> 9003 | H7: =F7+G7 -> 73267
D8: Виноградов Артем Кириллович | E8: {=INDEX($A$2:$A$6, RANDBETWEEN(1, 5))} -> Кассир | F8: =[1]Январь1!F8 + RANDBETWEEN(-5000, 5000) -> 46077 | G8: =RANDBETWEEN(7000, 10000) -> 9196 | H8: =F8+G8 -> 55273
D9: Богданова Светлана Михайловна | E9: {=INDEX($A$2:$A$6, RANDBETWEEN(1, 5))} -> Менджер | F9: =[1]Январь1!F9 + RANDBETWEEN(-5000, 5000) -> 51707 | G9: =RANDBETWEEN(7000, 10000) -> 8613 | H9: =F9+G9 -> 60320
D10: Воробьев Никита Станиславович | E10: {=INDEX($A$2:$A$6, RANDBETWEEN(1, 5))} -> Бариста | F10: =[1]Январь1!F10 + RANDBETWEEN(-5000, 5000) -> 47756 | G10: =RANDBETWEEN(7000, 10000) -> 9769 | H10: =F10+G10 -> 57525
D11: Федорова Алина Руслановна | E11: {=INDEX($A$2:$A$6, RANDBETWEEN(1, 5))} -> Уборщик | F11: =[1]Январь1!F11 + RANDBETWEEN(-5000, 5000) -> 48426 | G11: =RANDBETWEEN(7000, 10000) -> 7033 | H11: =F11+G11 -> 55459
D12: Макаров Вадим Леонидович | E12: {=INDEX($A$2:$A$6, RANDBETWEEN(1, 5))} -> Директор | F12: =[1]Январь1!F12 + RANDBETWEEN(-5000, 5000) -> 33854 | G12: =RANDBETWEEN(7000, 10000) -> 9871 | H12: =F12+G12 -> 43725
D13: Архипова Полина Георгиевна | E13: {=INDEX($A$2:$A$6, RANDBETWEEN(1, 5))} -> Менджер | F13: =[1]Январь1!F13 + RANDBETWEEN(-5000, 5000) -> 29691 | G13: =RANDBETWEEN(7000, 10000) -> 9811 | H13: =F13+G13 -> 39502
D14: Ильин Борис Тимофеевич | E14: {=INDEX($A$2:$A$6, RANDBETWEEN(1, 5))} -> Кассир | F14: =[1]Январь1!F14 + RANDBETWEEN(-5000, 5000) -> 94535 | G14: =RANDBETWEEN(7000, 10000) -> 8821 | H14: =F14+G14 -> 103356
D15: Киселева Вероника Витальевна | E15: {=INDEX($A$2:$A$6, RANDBETWEEN(1, 5))} -> Кассир | F15: =[1]Январь1!F15 + RANDBETWEEN(-5000, 5000) -> 42891 | G15: =RANDBETWEEN(7000, 10000) -> 8161 | H15: =F15+G15 -> 51052
D16: Захаров Даниил Артурович | E16: {=INDEX($A$2:$A$6, RANDBETWEEN(1, 5))} -> Бариста | F16: =[1]Январь1!F16 + RANDBETWEEN(-5000, 5000) -> 45371 | G16: =RANDBETWEEN(7000, 10000) -> 7064 | H16: =F16+G16 -> 52435
D17: Новикова Дарья Филипповна | E17: {=INDEX($A$2:$A$6, RANDBETWEEN(1, 5))} -> Уборщик | F17: =[1]Январь1!F17 + RANDBETWEEN(-5000, 5000) -> 60493 | G17: =RANDBETWEEN(7000, 10000) -> 9877 | H17: =F17+G17 -> 70370
D18: Соловьев Евгений Романович | E18: {=INDEX($A$2:$A$6, RANDBETWEEN(1, 5))} -> Менджер | F18: =[1]Январь1!F18 + RANDBETWEEN(-5000, 5000) -> 100251 | G18: =RANDBETWEEN(7000, 10000) -> 7979 | H18: =F18+G18 -> 108230
... D31: Иванов Иван Иванович | E31: {=INDEX($A$2:$A$6, RANDBETWEEN(1, 5))} -> Уборщик | F31: =[1]Январь1!F31 + RANDBETWEEN(-5000, 5000) -> 56494 | G31: =RANDBETWEEN(7000, 10000) -> 9622 | H31: =F31+G31 -> 66116

Sheet Июль
A1: Должность | B1: Отклад | D1: ФИО | E1: Должность | F1: Оклад | G1: Премия | H1: Итоговая зарплата
A2: Директор | B2: 100000 | D2: Волков Роман Геннадьевич | E2: {=INDEX($A$2:$A$6, RANDBETWEEN(1, 5))} -> Кассир | F2: =[1]Январь1!F2 + RANDBETWEEN(-5000, 5000) -> 5508 | G2: =RANDBETWEEN(5000, 18000) -> 5177 | H2: =F2+G2 -> 10685
A3: Менджер | B3: 60000 | D3: Егорова Анастасия Борисовna | E3: {=INDEX($A$2:$A$6, RANDBETWEEN(1, 5))} -> Бариста | F3: =[1]Январь1!F3 + RANDBETWEEN(-5000, 5000) -> -5642 | G3: =RANDBETWEEN(5000, 18000) -> 8491 | H3: =F3+G3 -> 2849
A4: Бариста | B4: 45000 | D4: Павлов Илья Анатольевич | E4: {=INDEX($A$2:$A$6, RANDBETWEEN(1, 5))} -> Уборщик | F4: =[1]Январь1!F4 + RANDBETWEEN(-5000, 5000) -> -7268 | G4: =RANDBETWEEN(5000, 18000) -> 10263 | H4: =F4+G4 -> 2995
A5: Кассир | B5: 40000 | D5: Козлова Виктория Валериевна | E5: {=INDEX($A$2:$A$6, RANDBETWEEN(1, 5))} -> Бариста | F5: =[1]Январь1!F5 + RANDBETWEEN(-5000, 5000) -> 7366 | G5: =RANDBETWEEN(5000, 18000) -> 8133 | H5: =F5+G5 -> 15499
A6: Уборщик | B6: 30000 | D6: Семёнов Денис Константинович | E6: {=INDEX($A$2:$A$6, RANDBETWEEN(1, 5))} -> Уборщик | F6: =[1]Январь1!F6 + RANDBETWEEN(-5000, 5000) -> 709 | G6: =RANDBETWEEN(5000, 18000) -> 17311 | H6: =F6+G6 -> 18020
D7: Голубева Кристина Эдуардовна | E7: {=INDEX($A$2:$A$6, RANDBETWEEN(1, 5))} -> Менджер | F7: =[1]Январь1!F7 + RANDBETWEEN(-5000, 5000) -> 61886 | G7: =RANDBETWEEN(5000, 18000) -> 11524 | H7: =F7+G7 -> 73410
D8: Виноградов Артем Кириллович | E8: {=INDEX($A$2:$A$6, RANDBETWEEN(1, 5))} -> Уборщик | F8: =[1]Январь1!F8 + RANDBETWEEN(-5000, 5000) -> 41397 | G8: =RANDBETWEEN(5000, 18000) -> 10089 | H8: =F8+G8 -> 51486
D9: Богданова Светлана Михайловна | E9: {=INDEX($A$2:$A$6, RANDBETWEEN(1, 5))} -> Кассир | F9: =[1]Январь1!F9 + RANDBETWEEN(-5000, 5000) -> 48775 | G9: =RANDBETWEEN(5000, 18000) -> 8949 | H9: =F9+G9 -> 57724
D10: Воробьев Никита Станиславович | E10: {=INDEX($A$2:$A$6, RANDBETWEEN(1, 5))} -> Бариста | F10: =[1]Январь1!F10 + RANDBETWEEN(-5000, 5000) -> 40505 | G10: =RANDBETWEEN(5000, 18000) -> 16649 | H10: =F10+G10 -> 57154
D11: Федорова Алина Руслановна | E11: {=INDEX($A$2:$A$6, RANDBETWEEN(1, 5))} -> Директор | F11: =[1]Январь1!F11 + RANDBETWEEN(-5000, 5000) -> 42888 | G11: =RANDBETWEEN(5000, 18000) -> 11365 | H11: =F11+G11 -> 54253
D12: Макаров Вадим Леонидович | E12: {=INDEX($A$2:$A$6, RANDBETWEEN(1, 5))} -> Менджер | F12: =[1]Январь1!F12 + RANDBETWEEN(-5000, 5000) -> 26577 | G12: =RANDBETWEEN(5000, 18000) -> 5012 | H12: =F12+G12 -> 31589
D13: Архипова Полина Георгиевна | E13: {=INDEX($A$2:$A$6, RANDBETWEEN(1, 5))} -> Менджер | F13: =[1]Январь1!F13 + RANDBETWEEN(-5000, 5000) -> 32914 | G13: =RANDBETWEEN(5000, 18000) -> 12619 | H13: =F13+G13 -> 45533
D14: Ильин Борис Тимофеевич | E14: {=INDEX($A$2:$A$6, RANDBETWEEN(1, 5))} -> Директор | F14: =[1]Январь1!F14 + RANDBETWEEN(-5000, 5000) -> 99403 | G14: =RANDBETWEEN(5000, 18000) -> 6238 | H14: =F14+G14 -> 105641
D15: Киселева Вероника Витальевна | E15: {=INDEX($A$2:$A$6, RANDBETWEEN(1, 5))} -> Уборщик | F15: =[1]Январь1!F15 + RANDBETWEEN(-5000, 5000) -> 36821 | G15: =RANDBETWEEN(5000, 18000) -> 6211 | H15: =F15+G15 -> 43032
D16: Захаров Даниил Артурович | E16: {=INDEX($A$2:$A$6, RANDBETWEEN(1, 5))} -> Уборщик | F16: =[1]Январь1!F16 + RANDBETWEEN(-5000, 5000) -> 48419 | G16: =RANDBETWEEN(5000, 18000) -> 9691 | H16: =F16+G16 -> 58110
D17: Новикова Дарья Филипповна | E17: {=INDEX($A$2:$A$6, RANDBETWEEN(1, 5))} -> Уборщик | F17: =[1]Январь1!F17 + RANDBETWEEN(-5000, 5000) -> 55537 | G17: =RANDBETWEEN(5000, 18000) -> 11151 | H17: =F17+G17 -> 66688
D18: Соловьев Евгений Романович | E18: {=INDEX($A$2:$A$6, RANDBETWEEN(1, 5))} -> Уборщик | F18: =[1]Январь1!F18 + RANDBETWEEN(-5000, 5000) -> 98496 | G18: =RANDBETWEEN(5000, 18000) -> 7442 | H18: =F18+G18 -> 105938
... D31: Иванов Иван Иванович | E31: {=INDEX($A$2:$A$6, RANDBETWEEN(1, 5))} -> Уборщик | F31: =[1]Январь1!F31 + RANDBETWEEN(-5000, 5000) -> 57567 | G31: =RANDBETWEEN(5000, 18000) -> 12548 | H31: =F31+G31 -> 70115

Sheet Август
A1: Должность | B1: Отклад | D1: ФИО | E1: Должность | F1: Оклад | G1: Премия | H1: Итоговая зарплата
A2: Директор | B2: 100000 | D2: Волков Роман Геннадьевич | E2: {=INDEX($A$2:$A$6, RANDBETWEEN(1, 5))} -> Менджер | F2: =[1]Январь1!F2 + RANDBETWEEN(-5000, 5000) -> -54 | G2: =RANDBETWEEN(5000, 20000) -> 7044 | H2: =F2+G2 -> 6990
A3: Менджер | B3: 60000 | D3: Егорова Анастасия Борисовna | E3: {=INDEX($A$2:$A$6, RANDBETWEEN(1, 5))} -> Бариста | F3: =[1]Январь1!F3 + RANDBETWEEN(-5000, 5000) -> 1571 | G3: =RANDBETWEEN(5000, 20000) -> 16569 | H3: =F3+G3 -> 18140
A4: Бариста | B4: 45000 | D4: Павлов Илья Анатольевич | E4: {=INDEX($A$2:$A$6, RANDBETWEEN(1, 5))} -> Директор | F4: =[1]Январь1!F4 + RANDBETWEEN(-5000, 5000) -> -4957 | G4: =RANDBETWEEN(5000, 20000) -> 14930 | H4: =F4+G4 -> 9973
A5: Кассир | B5: 40000 | D5: Козлова Виктория Валериевна | E5: {=INDEX($A$2:$A$6, RANDBETWEEN(1, 5))} -> Менджер | F5: =[1]Январь1!F5 + RANDBETWEEN(-5000, 5000) -> 9472 | G5: =RANDBETWEEN(5000, 20000) -> 8310 | H5: =F5+G5 -> 17782
A6: Уборщик | B6: 30000 | D6: Семёнов Денис Константинович | E6: {=INDEX($A$2:$A$6, RANDBETWEEN(1, 5))} -> Директор | F6: =[1]Январь1!F6 + RANDBETWEEN(-5000, 5000) -> 3987 | G6: =RANDBETWEEN(5000, 20000) -> 19040 | H6: =F6+G6 -> 23027
D7: Голубева Кристина Эдуардовна | E7: {=INDEX($A$2:$A$6, RANDBETWEEN(1, 5))} -> Бариста | F7: =[1]Январь1!F7 + RANDBETWEEN(-5000, 5000) -> 64341 | G7: =RANDBETWEEN(5000, 20000) -> 7057 | H7: =F7+G7 -> 71398
D8: Виноградов Артем Кириллович | E8: {=INDEX($A$2:$A$6, RANDBETWEEN(1, 5))} -> Кассир | F8: =[1]Январь1!F8 + RANDBETWEEN(-5000, 5000) -> 45126 | G8: =RANDBETWEEN(5000, 20000) -> 14452 | H8: =F8+G8 -> 59578
D9: Богданова Светлана Михайловна | E9: {=INDEX($A$2:$A$6, RANDBETWEEN(1, 5))} -> Менджер | F9: =[1]Январь1!F9 + RANDBETWEEN(-5000, 5000) -> 49705 | G9: =RANDBETWEEN(5000, 20000) -> 19379 | H9: =F9+G9 -> 69084
D10: Воробьев Никита Станиславович | E10: {=INDEX($A$2:$A$6, RANDBETWEEN(1, 5))} -> Кассир | F10: =[1]Январь1!F10 + RANDBETWEEN(-5000, 5000) -> 38792 | G10: =RANDBETWEEN(5000, 20000) -> 10260 | H10: =F10+G10 -> 49052
D11: Федорова Алина Руслановна | E11: {=INDEX($A$2:$A$6, RANDBETWEEN(1, 5))} -> Директор | F11: =[1]Январь1!F11 + RANDBETWEEN(-5000, 5000) -> 46459 | G11: =RANDBETWEEN(5000, 20000) -> 11994 | H11: =F11+G11 -> 58453
D12: Макаров Вадим Леонидович | E12: {=INDEX($A$2:$A$6, RANDBETWEEN(1, 5))} -> Бариста | F12: =[1]Январь1!F12 + RANDBETWEEN(-5000, 5000) -> 27671 | G12: =RANDBETWEEN(5000, 20000) -> 9226 | H12: =F12+G12 -> 36897
D13: Архипова Полина Георгиевна | E13: {=INDEX($A$2:$A$6, RANDBETWEEN(1, 5))} -> Кассир | F13: =[1]Январь1!F13 + RANDBETWEEN(-5000, 5000) -> 31497 | G13: =RANDBETWEEN(5000, 20000) -> 10651 | H13: =F13+G13 -> 42148
D14: Ильин Борис Тимофеевич | E14: {=INDEX($A$2:$A$6, RANDBETWEEN(1, 5))} -> Бариста | F14: =[1]Январь1!F14 + RANDBETWEEN(-5000, 5000) -> 94932 | G14: =RANDBETWEEN(5000, 20000) -> 12345 | H14: =F14+G14 -> 107277
D15: Киселева Вероника Витальевна | E15: {=INDEX($A$2:$A$6, RANDBETWEEN(1, 5))} -> Бариста | F15: =[1]Январь1!F15 + RANDBETWEEN(-5000, 5000) -> 42695 | G15: =RANDBETWEEN(5000, 20000) -> 13769 | H15: =F15+G15 -> 56464
D16: Захаров Даниил Артурович | E16: {=INDEX($A$2:$A$6, RANDBETWEEN(1, 5))} -> Бариста | F16: =[1]Январь1!F16 + RANDBETWEEN(-5000, 5000) -> 50288 | G16: =RANDBETWEEN(5000, 20000) -> 16504 | H16: =F16+G16 -> 66792
D17: Новикова Дарья Филипповна | E17: {=INDEX($A$2:$A$6, RANDBETWEEN(1, 5))} -> Уборщик | F17: =[1]Январь1!F17 + RANDBETWEEN(-5000, 5000) -> 59281 | G17: =RANDBETWEEN(5000, 20000) -> 11763 | H17: =F17+G17 -> 71044
D18: Соловьев Евгений Романович | E18: {=INDEX($A$2:$A$6, RANDBETWEEN(1, 5))} -> Бариста | F18: =[1]Январь1!F18 + RANDBETWEEN(-5000, 5000) -> 93792 | G18: =RANDBETWEEN(5000, 20000) -> 10637 | H18: =F18+G18 -> 104429
... D31: Иванов Иван Иванович | E31: {=INDEX($A$2:$A$6, RANDBETWEEN(1, 5))} -> Менджер | F31: =[1]Январь1!F31 + RANDBETWEEN(-5000, 5000) -> 52320 | G31: =RANDBETWEEN(5000, 20000) -> 8681 | H31: =F31+G31 -> 61001

Sheet Сентябрь
A1: Должность | B1: Отклад | D1: ФИО | E1: Должность | F1: Оклад | G1: Премия | H1: Итоговая зарплата
A2: Директор | B2: 100000 | D2: Волков Роман Геннадьевич | E2: {=INDEX($A$2:$A$6, RANDBETWEEN(1, 5))} -> Бариста | F2: =[1]Январь1!F2 + RANDBETWEEN(-5000, 5000) -> 3299 | G2: =RANDBETWEEN(5000, 19000) -> 13510 | H2: =F2+G2 -> 16809
A3: Менджер | B3: 60000 | D3: Егорова Анастасия Борисовna | E3: {=INDEX($A$2:$A$6, RANDBETWEEN(1, 5))} -> Бариста | F3: =[1]Январь1!F3 + RANDBETWEEN(-5000, 5000) -> -3609 | G3: =RANDBETWEEN(5000, 19000) -> 14457 | H3: =F3+G3 -> 10848
A4: Бариста | B4: 45000 | D4: Павлов Илья Анатольевич | E4: {=INDEX($A$2:$A$6, RANDBETWEEN(1, 5))} -> Директор | F4: =[1]Январь1!F4 + RANDBETWEEN(-5000, 5000) -> -7226 | G4: =RANDBETWEEN(5000, 19000) -> 14849 | H4: =F4+G4 -> 7623
A5: Кассир | B5: 40000 | D5: Козлова Виктория Валериевна | E5: {=INDEX($A$2:$A$6, RANDBETWEEN(1, 5))} -> Кассир | F5: =[1]Январь1!F2 + RANDBETWEEN(-5000, 5000) -> 2269 | G5: =RANDBETWEEN(5000, 19000) -> 7848 | H5: =F5+G5 -> 10117
A6: Уборщик | B6: 30000 | D6: Семёнов Денис Константинович | E6: {=INDEX($A$2:$A$6, RANDBETWEEN(1, 5))} -> Менджер | F6: =[1]Январь1!F4 + RANDBETWEEN(-5000, 5000) -> -882 | G6: =RANDBETWEEN(5000, 19000) -> 11039 | H6: =F6+G6 -> 10157
D7: Голубева Кристина Эдуардовна | E7: {=INDEX($A$2:$A$6, RANDBETWEEN(1, 5))} -> Бариста | F7: =[1]Январь1!F7 + RANDBETWEEN(-5000, 5000) -> 61543 | G7: =RANDBETWEEN(5000, 19000) -> 11372 | H7: =F7+G7 -> 72915
D8: Виноградов Артем Кириллович | E8: {=INDEX($A$2:$A$6, RANDBETWEEN(1, 5))} -> Кассир | F8: =[1]Январь1!F8 + RANDBETWEEN(-5000, 5000) -> 42626 | G8: =RANDBETWEEN(5000, 19000) -> 10811 | H8: =F8+G8 -> 53437
D9: Богданова Светлана Михайловна | E9: {=INDEX($A$2:$A$6, RANDBETWEEN(1, 5))} -> Уборщик | F9: =[1]Январь1!F9 + RANDBETWEEN(-5000, 5000) -> 48902 | G9: =RANDBETWEEN(5000, 19000) -> 15225 | H9: =F9+G9 -> 64127
D10: Воробьев Никита Станиславович | E10: {=INDEX($A$2:$A$6, RANDBETWEEN(1, 5))} -> Уборщик | F10: =[1]Январь1!F10 + RANDBETWEEN(-5000, 5000) -> 42354 | G10: =RANDBETWEEN(5000, 19000) -> 12452 | H10: =F10+G10 -> 54806
D11: Федорова Алина Руслановна | E11: {=INDEX($A$2:$A$6, RANDBETWEEN(1, 5))} -> Кассир | F11: =[1]Январь1!F11 + RANDBETWEEN(-5000, 5000) -> 42512 | G11: =RANDBETWEEN(5000, 19000) -> 6031 | H11: =F11+G11 -> 48543
D12: Макаров Вадим Леонидович | E12: {=INDEX($A$2:$A$6, RANDBETWEEN(1, 5))} -> Бариста | F12: =[1]Январь1!F12 + RANDBETWEEN(-5000, 5000) -> 32644 | G12: =RANDBETWEEN(5000, 19000) -> 15219 | H12: =F12+G12 -> 47863
D13: Архипова Полина Георгиевна | E13: {=INDEX($A$2:$A$6, RANDBETWEEN(1, 5))} -> Директор | F13: =[1]Январь1!F13 + RANDBETWEEN(-5000, 5000) -> 30412 | G13: =RANDBETWEEN(5000, 19000) -> 17327 | H13: =F13+G13 -> 47739
D14: Ильин Борис Тимофеевич | E14: {=INDEX($A$2:$A$6, RANDBETWEEN(1, 5))} -> Уборщик | F14: =[1]Январь1!F14 + RANDBETWEEN(-5000, 5000) -> 100929 | G14: =RANDBETWEEN(5000, 19000) -> 6362 | H14: =F14+G14 -> 107291
D15: Киселева Вероника Витальевна | E15: {=INDEX($A$2:$A$6, RANDBETWEEN(1, 5))} -> Директор | F15: =[1]Январь1!F15 + RANDBETWEEN(-5000, 5000) -> 45717 | G15: =RANDBETWEEN(5000, 19000) -> 11243 | H15: =F15+G15 -> 56960
D16: Захаров Даниил Артурович | E16: {=INDEX($A$2:$A$6, RANDBETWEEN(1, 5))} -> Менджер | F16: =[1]Январь1!F16 + RANDBETWEEN(-5000, 5000) -> 42158 | G16: =RANDBETWEEN(5000, 19000) -> 7159 | H16: =F16+G16 -> 49317
D17: Новикова Дарья Филипповна | E17: {=INDEX($A$2:$A$6, RANDBETWEEN(1, 5))} -> Менджер | F17: =[1]Январь1!F17 + RANDBETWEEN(-5000, 5000) -> 52996 | G17: =RANDBETWEEN(5000, 19000) -> 12097 | H17: =F17+G17 -> 65093
D18: Соловьев Евгений Романович | E18: {=INDEX($A$2:$A$6, RANDBETWEEN(1, 5))} -> Кассир | F18: =[1]Январь1!F18 + RANDBETWEEN(-5000, 5000) -> 95025 | G18: =RANDBETWEEN(5000, 19000) -> 12139 | H18: =F18+G18 -> 107164
... D31: Иванов Иван Иванович | E31: {=INDEX($A$2:$A$6, RANDBETWEEN(1, 5))} -> Менджер | F31: =[1]Январь1!F31 + RANDBETWEEN(-5000, 5000) -> 55241 | G31: =RANDBETWEEN(5000, 19000) -> 18495 | H31: =F31+G31 -> 73736

Sheet Октябрь
A1: Должность | B1: Отклад | D1: ФИО | E1: Должность | F1: Оклад | G1: Премия | H1: Итоговая зарплата
A2: Директор | B2: 100000 | D2: Волков Роман Геннадьевич | E2: {=INDEX($A$2:$A$6, RANDBETWEEN(1, 5))} -> Менджер | F2: =[1]Январь1!F2 + RANDBETWEEN(-5000, 5000) -> 2324 | G2: =RANDBETWEEN(5000, 17000) -> 7630 | H2: =F2+G2 -> 9954
A3: Менджер | B3: 60000 | D3: Егорова Анастасия Борисовna | E3: {=INDEX($A$2:$A$6, RANDBETWEEN(1, 5))} -> Кассир | F3: =[1]Январь1!F3 + RANDBETWEEN(-5000, 5000) -> -841 | G3: =RANDBETWEEN(5000, 17000) -> 10816 | H3: =F3+G3 -> 9975
A4: Бариста | B4: 45000 | D4: Павлов Илья Анатольевич | E4: {=INDEX($A$2:$A$6, RANDBETWEEN(1, 5))} -> Уборщик | F4: =[1]Январь1!F6 + RANDBETWEEN(-5000, 5000) -> -484 | G4: =RANDBETWEEN(5000, 17000) -> 11021 | H4: =F4+G4 -> 10537
A5: Кассир | B5: 40000 | D5: Козлова Виктория Валериевна | E5: {=INDEX($A$2:$A$6, RANDBETWEEN(1, 5))} -> Бариста | F5: =[1]Январь1!F2 + RANDBETWEEN(-5000, 5000) -> 3537 | G5: =RANDBETWEEN(5000, 17000) -> 13512 | H5: =F5+G5 -> 17049
A6: Уборщик | B6: 30000 | D6: Семёнов Денис Константинович | E6: {=INDEX($A$2:$A$6, RANDBETWEEN(1, 5))} -> Менджер | F6: =[1]Январь1!F6 + RANDBETWEEN(-5000, 5000) -> -2375 | G6: =RANDBETWEEN(5000, 17000) -> 13572 | H6: =F6+G6 -> 11197
D7: Голубева Кристина Эдуардовна | E7: {=INDEX($A$2:$A$6, RANDBETWEEN(1, 5))} -> Уборщик | F7: =[1]Январь1!F7 + RANDBETWEEN(-5000, 5000) -> 54536 | G7: =RANDBETWEEN(5000, 17000) -> 11920 | H7: =F7+G7 -> 66456
D8: Виноградов Артем Кириллович | E8: {=INDEX($A$2:$A$6, RANDBETWEEN(1, 5))} -> Бариста | F8: =[1]Январь1!F8 + RANDBETWEEN(-5000, 5000) -> 46016 | G8: =RANDBETWEEN(5000, 17000) -> 7942 | H8: =F8+G8 -> 53958
D9: Богданова Светлана Михайловна | E9: {=INDEX($A$2:$A$6, RANDBETWEEN(1, 5))} -> Бариста | F9: =[1]Январь1!F9 + RANDBETWEEN(-5000, 5000) -> 48766 | G9: =RANDBETWEEN(5000, 17000) -> 9547 | H9: =F9+G9 -> 58313
D10: Воробьев Никита Станиславович | E10: {=INDEX($A$2:$A$6, RANDBETWEEN(1, 5))} -> Бариста | F10: =[1]Январь1!F10 + RANDBETWEEN(-5000, 5000) -> 46617 | G10: =RANDBETWEEN(5000, 17000) -> 11326 | H10: =F10+G10 -> 57943
D11: Федорова Алина Руслановна | E11: {=INDEX($A$2:$A$6, RANDBETWEEN(1, 5))} -> Менджер | F11: =[1]Январь1!F11 + RANDBETWEEN(-5000, 5000) -> 44721 | G11: =RANDBETWEEN(5000, 17000) -> 12276 | H11: =F11+G11 -> 56997
D12: Макаров Вадим Леонидович | E12: {=INDEX($A$2:$A$6, RANDBETWEEN(1, 5))} -> Менджер | F12: =[1]Январь1!F12 + RANDBETWEEN(-5000, 5000) -> 33036 | G12: =RANDBETWEEN(5000, 17000) -> 6488 | H12: =F12+G12 -> 39524
D13: Архипова Полина Георгиевна | E13: {=INDEX($A$2:$A$6, RANDBETWEEN(1, 5))} -> Директор | F13: =[1]Январь1!F13 + RANDBETWEEN(-5000, 5000) -> 26664 | G13: =RANDBETWEEN(5000, 17000) -> 12059 | H13: =F13+G13 -> 38723
D14: Ильин Борис Тимофеевич | E14: {=INDEX($A$2:$A$6, RANDBETWEEN(1, 5))} -> Уборщик | F14: =[1]Январь1!F14 + RANDBETWEEN(-5000, 5000) -> 97162 | G14: =RANDBETWEEN(5000, 17000) -> 6042 | H14: =F14+G14 -> 103204
D15: Киселева Вероника Витальевна | E15: {=INDEX($A$2:$A$6, RANDBETWEEN(1, 5))} -> Кассир | F15: =[1]Январь1!F15 + RANDBETWEEN(-5000, 5000) -> 42509 | G15: =RANDBETWEEN(5000, 17000) -> 5240 | H15: =F15+G15 -> 47749
D16: Захаров Даниил Артурович | E16: {=INDEX($A$2:$A$6, RANDBETWEEN(1, 5))} -> Бариста | F16: =[1]Январь1!F16 + RANDBETWEEN(-5000, 5000) -> 48139 | G16: =RANDBETWEEN(5000, 17000) -> 10380 | H16: =F16+G16 -> 58519
D17: Новикова Дарья Филипповна | E17: {=INDEX($A$2:$A$6, RANDBETWEEN(1, 5))} -> Менджер | F17: =[1]Январь1!F17 + RANDBETWEEN(-5000, 5000) -> 55076 | G17: =RANDBETWEEN(5000, 17000) -> 8497 | H17: =F17+G17 -> 63573
D18: Соловьев Евгений Романович | E18: {=INDEX($A$2:$A$6, RANDBETWEEN(1, 5))} -> Менджер | F18: =[1]Январь1!F18 + RANDBETWEEN(-5000, 5000) -> 94215 | G18: =RANDBETWEEN(5000, 17000) -> 14214 | H18: =F18+G18 -> 108429
... D31: Иванов Иван Иванович | E31: {=INDEX($A$2:$A$6, RANDBETWEEN(1, 5))} -> Кассир | F31: =[1]Январь1!F31 + RANDBETWEEN(-5000, 5000) -> 54356 | G31: =RANDBETWEEN(5000, 17000) -> 10614 | H31: =F31+G31 -> 64970

Sheet Ноябрь
A1: Должность | B1: Отклад | D1: ФИО | E1: Должность | F1: Оклад | G1: Премия | H1: Итоговая зарплата
A2: Директор | B2: 100000 | D2: Волков Роман Геннадьевич | E2: {=INDEX($A$2:$A$6, RANDBETWEEN(1, 5))} -> Бариста | F2: =[1]Январь1!F2 + RANDBETWEEN(-5000, 5000) -> 7227 | G2: =RANDBETWEEN(5000, 21000) -> 14373 | H2: =F2+G2 -> 21600
A3: Менджер | B3: 60000 | D3: Егорова Анастасия Борисовna | E3: {=INDEX($A$2:$A$6, RANDBETWEEN(1, 5))} -> Уборщик | F3: =[1]Январь1!F3 + RANDBETWEEN(-5000, 5000) -> -456 | G3: =RANDBETWEEN(5000, 21000) -> 16895 | H3: =F3+G3 -> 16439
A4: Бариста | B4: 45000 | D4: Павлов Илья Анатольевич | E4: {=INDEX($A$2:$A$6, RANDBETWEEN(1, 5))} -> Директор | F4: =[1]Январь1!F4 + RANDBETWEEN(-5000, 5000) -> -5544 | G4: =RANDBETWEEN(5000, 21000) -> 20073 | H4: =F4+G4 -> 14529
A5: Кассир | B5: 40000 | D5: Козлова Виктория Валериевна | E5: {=INDEX($A$2:$A$6, RANDBETWEEN(1, 5))} -> Директор | F5: =[1]Январь1!F5+RANDBETWEEN(-5000,5000) -> 10613 | G5: =RANDBETWEEN(5000, 21000) -> 17403 | H5: =F5+G5 -> 28016
A6: Уборщик | B6: 30000 | D6: Семёнов Денис Константинович | E6: {=INDEX($A$2:$A$6, RANDBETWEEN(1, 5))} -> Директор | F6: =[1]Январь1!F6 + RANDBETWEEN(-5000, 5000) -> 2360 | G6: =RANDBETWEEN(5000, 21000) -> 7256 | H6: =F6+G6 -> 9616
D7: Голубева Кристина Эдуардовна | E7: {=INDEX($A$2:$A$6, RANDBETWEEN(1, 5))} -> Директор | F7: =[1]Январь1!F7 + RANDBETWEEN(-5000, 5000) -> 56073 | G7: =RANDBETWEEN(5000, 21000) -> 10064 | H7: =F7+G7 -> 66137
D8: Виноградов Артем Кириллович | E8: {=INDEX($A$2:$A$6, RANDBETWEEN(1, 5))} -> Директор | F8: =[1]Январь1!F8 + RANDBETWEEN(-5000, 5000) -> 47142 | G8: =RANDBETWEEN(5000, 21000) -> 9917 | H8: =F8+G8 -> 57059
D9: Богданова Светлана Михайловна | E9: {=INDEX($A$2:$A$6, RANDBETWEEN(1, 5))} -> Директор | F9: =[1]Январь1!F9 + RANDBETWEEN(-5000, 5000) -> 54712 | G9: =RANDBETWEEN(5000, 21000) -> 9402 | H9: =F9+G9 -> 64114
D10: Воробьев Никита Станиславович | E10: {=INDEX($A$2:$A$6, RANDBETWEEN(1, 5))} -> Уборщик | F10: =[1]Январь1!F10 + RANDBETWEEN(-5000, 5000) -> 41368 | G10: =RANDBETWEEN(5000, 21000) -> 13215 | H10: =F10+G10 -> 54583
D11: Федорова Алина Руслановна | E11: {=INDEX($A$2:$A$6, RANDBETWEEN(1, 5))} -> Менджер | F11: =[1]Январь1!F11 + RANDBETWEEN(-5000, 5000) -> 43758 | G11: =RANDBETWEEN(5000, 21000) -> 11572 | H11: =F11+G11 -> 55330
D12: Макаров Вадим Леонидович | E12: {=INDEX($A$2:$A$6, RANDBETWEEN(1, 5))} -> Бариста | F12: =[1]Январь1!F12 + RANDBETWEEN(-5000, 5000) -> 30088 | G12: =RANDBETWEEN(5000, 21000) -> 20862 | H12: =F12+G12 -> 50950
D13: Архипова Полина Георгиевна | E13: {=INDEX($A$2:$A$6, RANDBETWEEN(1, 5))} -> Кассир | F13: =[1]Январь1!F13 + RANDBETWEEN(-5000, 5000) -> 31683 | G13: =RANDBETWEEN(5000, 21000) -> 8726 | H13: =F13+G13 -> 40409
D14: Ильин Борис Тимофеевич | E14: {=INDEX($A$2:$A$6, RANDBETWEEN(1, 5))} -> Бариста | F14: =[1]Январь1!F14 + RANDBETWEEN(-5000, 5000) -> 103339 | G14: =RANDBETWEEN(5000, 21000) -> 12396 | H14: =F14+G14 -> 115735
D15: Киселева Вероника Витальевна | E15: {=INDEX($A$2:$A$6, RANDBETWEEN(1, 5))} -> Бариста | F15: =[1]Январь1!F15 + RANDBETWEEN(-5000, 5000) -> 45585 | G15: =RANDBETWEEN(5000, 21000) -> 14751 | H15: =F15+G15 -> 60336
D16: Захаров Даниил Артурович | E16: {=INDEX($A$2:$A$6, RANDBETWEEN(1, 5))} -> Уборщик | F16: =[1]Январь1!F16 + RANDBETWEEN(-5000, 5000) -> 40884 | G16: =RANDBETWEEN(5000, 21000) -> 13728 | H16: =F16+G16 -> 54612
D17: Новикова Дарья Филипповна | E17: {=INDEX($A$2:$A$6, RANDBETWEEN(1, 5))} -> Кассир | F17: =[1]Январь1!F17 + RANDBETWEEN(-5000, 5000) -> 58093 | G17: =RANDBETWEEN(5000, 21000) -> 13812 | H17: =F17+G17 -> 71905
D18: Соловьев Евгений Романович | E18: {=INDEX($A$2:$A$6, RANDBETWEEN(1, 5))} -> Менджер | F18: =[1]Январь1!F18 + RANDBETWEEN(-5000, 5000) -> 91285 | G18: =RANDBETWEEN(5000, 21000) -> 5798 | H18: =F18+G18 -> 97083
... D31: Иванов Иван Иванович | E31: {=INDEX($A$2:$A$6, RANDBETWEEN(1, 5))} -> Директор | F31: =[1]Январь1!F31 + RANDBETWEEN(-5000, 5000) -> 56819 | G31: =RANDBETWEEN(5000, 21000) -> 19357 | H31: =F31+G31 -> 76176

Sheet Декабрь
A1: Должность | B1: Отклад | D1: ФИО | E1: Должность | F1: Оклад | G1: Премия | H1: Итоговая зарплата
A2: Директор | B2: 100000 | D2: Волков Роман Геннадьевич | E2: {=INDEX($A$2:$A$6, RANDBETWEEN(1, 5))} -> Менджер | F2: =[1]Январь1!F2 + RANDBETWEEN(-5000, 5000) -> 2522 | G2: =RANDBETWEEN(5000, 22000) -> 18435 | H2: =F2+G2 -> 20957
A3: Менджер | B3: 60000 | D3: Егорова Анастасия Борисовna | E3: {=INDEX($A$2:$A$6, RANDBETWEEN(1, 5))} -> Уборщик | F3: =[1]Январь1!F3 + RANDBETWEEN(-5000, 5000) -> 1129 | G3: =RANDBETWEEN(5000, 22000) -> 11450 | H3: =F3+G3 -> 12579
A4: Бариста | B4: 45000 | D4: Павлов Илья Анатольевич | E4: {=INDEX($A$2:$A$6, RANDBETWEEN(1, 5))} -> Директор | F4: =[1]Январь1!F4 + RANDBETWEEN(-5000, 5000) -> -6835 | G4: =RANDBETWEEN(5000, 22000) -> 5598 | H4: =F4+G4 -> -1237
A5: Кассир | B5: 40000 | D5: Козлова Виктория Валериевна | E5: {=INDEX($A$2:$A$6, RANDBETWEEN(1, 5))} -> Директор | F5: =[1]Январь1!F2 + RANDBETWEEN(-5000, 5000) -> 8833 | G5: =RANDBETWEEN(5000, 22000) -> 19302 | H5: =F5+G5 -> 28135
A6: Уборщик | B6: 30000 | D6: Семёнов Денис Константинович | E6: {=INDEX($A$2:$A$6, RANDBETWEEN(1, 5))} -> Бариста | F6: =[1]Январь1!F6 + RANDBETWEEN(-5000, 5000) -> -4315 | G6: =RANDBETWEEN(5000, 22000) -> 21879 | H6: =F6+G6 -> 17564
D7: Голубева Кристина Эдуардовна | E7: {=INDEX($A$2:$A$6, RANDBETWEEN(1, 5))} -> Бариста | F7: =[1]Январь1!F7 + RANDBETWEEN(-5000, 5000) -> 62163 | G7: =RANDBETWEEN(5000, 22000) -> 21649 | H7: =F7+G7 -> 83812
D8: Виноградов Артем Кириллович | E8: {=INDEX($A$2:$A$6, RANDBETWEEN(1, 5))} -> Уборщик | F8: =[1]Январь1!F8 + RANDBETWEEN(-5000, 5000) -> 48252 | G8: =RANDBETWEEN(5000, 22000) -> 17019 | H8: =F8+G8 -> 65271
D9: Богданова Светлана Михайловна | E9: {=INDEX($A$2:$A$6, RANDBETWEEN(1, 5))} -> Директор | F9: =[1]Январь1!F9 + RANDBETWEEN(-5000, 5000) -> 46376 | G9: =RANDBETWEEN(5000, 22000) -> 17211 | H9: =F9+G9 -> 63587
D10: Воробьев Никита Станиславович | E10: {=INDEX($A$2:$A$6, RANDBETWEEN(1, 5))} -> Кассир | F10: =[1]Январь1!F10 + RANDBETWEEN(-5000, 5000) -> 46310 | G10: =RANDBETWEEN(5000, 22000) -> 19132 | H10: =F10+G10 -> 65442
D11: Федорова Алина Руслановна | E11: {=INDEX($A$2:$A$6, RANDBETWEEN(1, 5))} -> Кассир | F11: =[1]Январь1!F11 + RANDBETWEEN(-5000, 5000) -> 45542 | G11: =RANDBETWEEN(5000, 22000) -> 18580 | H11: =F11+G11 -> 64122
D12: Макаров Вадим Леонидович | E12: {=INDEX($A$2:$A$6, RANDBETWEEN(1, 5))} -> Директор | F12: =[1]Январь1!F12 + RANDBETWEEN(-5000, 5000) -> 33490 | G12: =RANDBETWEEN(5000, 22000) -> 13631 | H12: =F12+G12 -> 47121
D13: Архипова Полина Георгиевна | E13: {=INDEX($A$2:$A$6, RANDBETWEEN(1, 5))} -> Уборщик | F13: =[1]Январь1!F13 + RANDBETWEEN(-5000, 5000) -> 26818 | G13: =RANDBETWEEN(5000, 22000) -> 18995 | H13: =F13+G13 -> 45813
D14: Ильин Борис Тимофеевич | E14: {=INDEX($A$2:$A$6, RANDBETWEEN(1, 5))} -> Уборщик | F14: =[1]Январь1!F14 + RANDBETWEEN(-5000, 5000) -> 99085 | G14: =RANDBETWEEN(5000, 22000) -> 12268 | H14: =F14+G14 -> 111353
D15: Киселева Вероника Витальевна | E15: {=INDEX($A$2:$A$6, RANDBETWEEN(1, 5))} -> Бариста | F15: =[1]Январь1!F15 + RANDBETWEEN(-5000, 5000) -> 42029 | G15: =RANDBETWEEN(5000, 22000) -> 17487 | H15: =F15+G15 -> 59516
D16: Захаров Даниил Артурович | E16: {=INDEX($A$2:$A$6, RANDBETWEEN(1, 5))} -> Директор | F16: =[1]Январь1!F16 + RANDBETWEEN(-5000, 5000) -> 48060 | G16: =RANDBETWEEN(5000, 22000) -> 8091 | H16: =F16+G16 -> 56151
D17: Новикова Дарья Филипповна | E17: {=INDEX($A$2:$A$6, RANDBETWEEN(1, 5))} -> Кассир | F17: =[1]Январь1!F17 + RANDBETWEEN(-5000, 5000) -> 58277 | G17: =RANDBETWEEN(5000, 22000) -> 7814 | H17: =F17+G17 -> 66091
D18: Соловьев Евгений Романович | E18: {=INDEX($A$2:$A$6, RANDBETWEEN(1, 5))} -> Кассир | F18: =[1]Январь1!F18 + RANDBETWEEN(-5000, 5000) -> 96249 | G18: =RANDBETWEEN(5000, 22000) -> 18828 | H18: =F18+G18 -> 115077
... D31: Иванов Иван Иванович | E31: {=INDEX($A$2:$A$6, RANDBETWEEN(1, 5))} -> Уборщик | F31: =[1]Январь1!F31 + RANDBETWEEN(-5000, 5000) -> 51645 | G31: =RANDBETWEEN(5000, 22000) -> 6235 | H31: =F31+G31 -> 57880

Sheet Итоги за год
A1: ФИО | B1: Январь | C1: Февраль | D1: Март | E1: Апрель | F1: Май | G1: Июнь | H1: Июль | I1: Август | J1: Сентябрь | K1: Октябрь | L1: Ноябрь | M1: Декабрь | N1: ИТОГИ ЗА ГОД
A2: Волков Роман Геннадьевич | B2: =[1]Январь1!$H2 -> 12276 | C2: =Февраль!$H2 -> 42668 | D2: =Март!$H2 -> 25415 | E2: =Апрель!$H2 -> 12227 | F2: =Май!$H2 -> 14701 | G2: =Июнь!$H2 -> 9314 | H2: =Июль!$H2 -> 10685 | I2: =Август!$H2 -> 6990 | J2: =Сентябрь!$H2 -> 16809 | K2: =Октябрь!$H2 -> 9954 | L2: =Ноябрь!$H2 -> 21600 | M2: =Декабрь!$H2 -> 20957 | N2: {=B2:M2} -> 12276 | O2: 42668 | P2: 25415 | Q2: 12227 | R2: 14701 | S2: 9314 | T2: 10685 | U2: 6990 | V2: 16809 | W2: 9954 | X2: 21600 | Y2: 20957
A3: Егорова Анастасия Борисовna | B3: =[1]Январь1!$H3 -> 12986 | C3: =Февраль!$H3 -> 37341 | D3: =Март!$H3 -> 9090 | E3: =Апрель!$H3 -> 12934 | F3: =Май!$H3 -> 9724 | G3: =Июнь!$H3 -> 9025 | H3: =Июль!$H3 -> 2849 | I3: =Август!$H3 -> 18140 | J3: =Сентябрь!$H3 -> 10848 | K3: =Октябрь!$H3 -> 9975 | L3: =Ноябрь!$H3 -> 16439 | M3: =Декабрь!$H3 -> 12579 | N3: {=B3:M3} -> 12986 | O3: 37341 | P3: 9090 | Q3: 12934 | R3: 9724 | S3: 9025 | T3: 2849 | U3: 18140 | V3: 10848 | W3: 9975 | X3: 16439 | Y3: 12579
A4: Павлов Илья Анатольевич | B4: =[1]Январь1!$H4 -> 2444 | C4: =Февраль!$H4 -> 23909 | D4: =Март!$H4 -> 13373 | E4: =Апрель!$H4 -> 11160 | F4: =Май!$H4 -> 1762 | G4: =Июнь!$H4 -> 1417 | H4: =Июль!$H4 -> 2995 | I4: =Август!$H4 -> 9973 | J4: =Сентябрь!$H4 -> 7623 | K4: =Октябрь!$H4 -> 10537 | L4: =Ноябрь!$H4 -> 14529 | M4: =Декабрь!$H4 -> -1237 | N4: {=B4:M4} -> 2444 | O4: 23909 | P4: 13373 | Q4: 11160 | R4: 1762 | S4: 1417 | T4: 2995 | U4: 9973 | V4: 7623 | W4: 10537 | X4: 14529 | Y4: -1237
A5: Козлова Виктория Валериевна | B5: =[1]Январь1!$H5 -> 18627 | C5: =Февраль!$H5 -> 45572 | D5: =Март!$H5 -> 35456 | E5: =Апрель!$H5 -> 19494 | F5: =Май!$H5 -> 18311 | G5: =Июнь!$H5 -> 15575 | H5: =Июль!$H5 -> 15499 | I5: =Август!$H5 -> 17782 | J5: =Сентябрь!$H5 -> 10117 | K5: =Октябрь!$H5 -> 17049 | L5: =Ноябрь!$H5 -> 28016 | M5: =Декабрь!$H5 -> 28135 | N5: {=B5:M5} -> 18627 | O5: 45572 | P5: 35456 | Q5: 19494 | R5: 18311 | S5: 15575 | T5: 15499 | U5: 17782 | V5: 10117 | W5: 17049 | X5: 28016 | Y5: 28135
A6: Семёнов Денис Константинович | B6: =[1]Январь1!$H6 -> 7815 | C6: =Февраль!$H6 -> 40544 | D6: =Март!$H6 -> 16619 | E6: =Апрель!$H6 -> 9804 | F6: =Май!$H6 -> 9104 | G6: =Июнь!$H6 -> 9304 | H6: =Июль!$H6 -> 18020 | I6: =Август!$H6 -> 23027 | J6: =Сентябрь!$H6 -> 10157 | K6: =Октябрь!$H6 -> 11197 | L6: =Ноябрь!$H6 -> 9616 | M6: =Декабрь!$H6 -> 17564 | N6: {=B6:M6} -> 7815 | O6: 40544 | P6: 16619 | Q6: 9804 | R6: 9104 | S6: 9304 | T6: 18020 | U6: 23027 | V6: 10157 | W6: 11197 | X6: 9616 | Y6: 17564
A7: Голубева Кристина Эдуардовна | B7: =[1]Январь1!$H7 -> 65704 | C7: =Февраль!$H7 -> 88705 | D7: =Март!$H7 -> 66346 | E7: =Апрель!$H7 -> 68212 | F7: =Май!$H7 -> 65186 | G7: =Июнь!$H7 -> 73267 | H7: =Июль!$H7 -> 73410 | I7: =Август!$H7 -> 71398 | J7: =Сентябрь!$H7 -> 72915 | K7: =Октябрь!$H7 -> 66456 | L7: =Ноябрь!$H7 -> 66137 | M7: =Декабрь!$H7 -> 83812 | N7: {=B7:M7} -> 65704 | O7: 88705 | P7: 66346 | Q7: 68212 | R7: 65186 | S7: 73267 | T7: 73410 | U7: 71398 | V7: 72915 | W7: 66456 | X7: 66137 | Y7: 83812
A8: Виноградов Артем Кириллович | B8: =[1]Январь1!$H8 -> 68316 | C8: =Февраль!$H8 -> 82772 | D8: =Март!$H8 -> 74896 | E8: =Апрель!$H8 -> 58591 | F8: =Май!$H8 -> 59831 | G8: =Июнь!$H8 -> 55273 | H8: =Июль!$H8 -> 51486 | I8: =Август!$H8 -> 59578 | J8: =Сентябрь!$H8 -> 53437 | K8: =Октябрь!$H8 -> 53958 | L8: =Ноябрь!$H8 -> 57059 | M8: =Декабрь!$H8 -> 65271 | N8: {=B8:M8} -> 68316 | O8: 82772 | P8: 74896 | Q8: 58591 | R8: 59831 | S8: 55273 | T8: 51486 | U8: 59578 | V8: 53437 | W8: 53958 | X8: 57059 | Y8: 65271
A9: Богданова Светлана Михайловна | B9: =[1]Январь1!$H9 -> 57959 | C9: =Февраль!$H9 -> 83046 | D9: =Март!$H9 -> 75608 | E9: =Апрель!$H9 -> 57385 | F9: =Май!$H9 -> 61868 | G9: =Июнь!$H9 -> 60320 | H9: =Июль!$H9 -> 57724 | I9: =Август!$H9 -> 69084 | J9: =Сентябрь!$H9 -> 64127 | K9: =Октябрь!$H9 -> 58313 | L9: =Ноябрь!$H9 -> 64114 | M9: =Декабрь!$H9 -> 63587 | N9: {=B9:M9} -> 57959 | O9: 83046 | P9: 75608 | Q9: 57385 | R9: 61868 | S9: 60320 | T9: 57724 | U9: 69084 | V9: 64127 | W9: 58313 | X9: 64114 | Y9: 63587
A10: Воробьев Никита Станиславович | B10: =[1]Январь1!$H10 -> 54799 | C10: =Февраль!$H10 -> 84578 | D10: =Март!$H10 -> 59333 | E10: =Апрель!$H10 -> 57850 | F10: =Май!$H10 -> 51332 | G10: =Июнь!$H10 -> 57525 | H10: =Июль!$H10 -> 57154 | I10: =Август!$H10 -> 49052 | J10: =Сентябрь!$H10 -> 54806 | K10: =Октябрь!$H10 -> 57943 | L10: =Ноябрь!$H10 -> 54583 | M10: =Декабрь!$H10 -> 65442 | N10: {=B10:M10} -> 54799 | O10: 84578 | P10: 59333 | Q10: 57850 | R10: 51332 | S10: 57525 | T10: 57154 | U10: 49052 | V10: 54806 | W10: 57943 | X10: 54583 | Y10: 65442
A11: Федорова Алина Руслановна | B11: =[1]Январь1!$H11 -> 51256 | C11: =Февраль!$H11 -> 79153 | D11: =Март!$H11 -> 75580 | E11: =Апрель!$H11 -> 58090 | F11: =Май!$H11 -> 53928 | G11: =Июнь!$H11 -> 55459 | H11: =Июль!$H11 -> 54253 | I11: =Август!$H11 -> 58453 | J11: =Сентябрь!$H11 -> 48543 | K11: =Октябрь!$H11 -> 56997 | L11: =Ноябрь!$H11 -> 55330 | M11: =Декабрь!$H11 -> 64122 | N11: {=B11:M11} -> 51256 | O11: 79153 | P11: 75580 | Q11: 58090 | R11: 53928 | S11: 55459 | T11: 54253 | U11: 58453 | V11: 48543 | W11: 56997 | X11: 55330 | Y11: 64122
A12: Макаров Вадим Леонидович | B12: =[1]Январь1!$H12 -> 42685 | C12: =Февраль!$H12 -> 68875 | D12: =Март!$H12 -> 54132 | E12: =Апрель!$H12 -> 42834 | F12: =Май!$H12 -> 35025 | G12: =Июнь!$H12 -> 43725 | H12: =Июль!$H12 -> 31589 | I12: =Август!$H12 -> 36897 | J12: =Сентябрь!$H12 -> 47863 | K12: =Октябрь!$H12 -> 39524 | L12: =Ноябрь!$H12 -> 50950 | M12: =Декабрь!$H12 -> 47121 | N12: {=B12:M12} -> 42685 | O12: 68875 | P12: 54132 | Q12: 42834 | R12: 35025 | S12: 43725 | T12: 31589 | U12: 36897 | V12: 47863 | W12: 39524 | X12: 50950 | Y12: 47121
A13: Архипова Полина Георгиевна | B13: =[1]Январь1!$H13 -> 37946 | C13: =Февраль!$H13 -> 57957 | D13: =Март!$H13 -> 45315 | E13: =Апрель!$H13 -> 39950 | F13: =Май!$H13 -> 35376 | G13: =Июнь!$H13 -> 39502 | H13: =Июль!$H13 -> 45533 | I13: =Август!$H13 -> 42148 | J13: =Сентябрь!$H13 -> 47739 | K13: =Октябрь!$H13 -> 38723 | L13: =Ноябрь!$H13 -> 40409 | M13: =Декабрь!$H13 -> 45813 | N13: {=B13:M13} -> 37946 | O13: 57957 | P13: 45315 | Q13: 39950 | R13: 35376 | S13: 39502 | T13: 45533 | U13: 42148 | V13: 47739 | W13: 38723 | X13: 40409 | Y13: 45813
... A31: Иванов Иван Иванович | B31: =[1]Январь1!$H31 -> 59971 | C31: =Февраль!$H31 -> 84595 | D31: =Март!$H31 -> 64610 | E31: =Апрель!$H31 -> 64517 | F31: =Май!$H31 -> 56441 | G31: =Июнь!$H31 -> 66116 | H31: =Июль!$H31 -> 70115 | I31: =Август!$H31 -> 61001 | J31: =Сентябрь!$H31 -> 73736 | K31: =Октябрь!$H31 -> 64970 | L31: =Ноябрь!$H31 -> 76176 | M31: =Декабрь!$H31 -> 57880 | N31: {=B31:M31} -> 59971 | O31: 84595 | P31: 64610 | Q31: 64517 | R31: 56441 | S31: 66116 | T31: 70115 | U31: 61001 | V31: 73736 | W31: 64970 | X31: 76176 | Y31: 57880
